1,"user1","$2a$10$nre/7XaAB/tts5wLLuky6O26YoMUZUQG3rPC75BN7pPUaUMHG2CoK","テストユーザー１","hoge@gmail.com","はじめまして、テストユーザ１です！
よろしくね！","2018-09-27 15:45:16","2018-09-27 15:45:16"
2,"user2","$2a$10$nre/7XaAB/tts5wLLuky6O26YoMUZUQG3rPC75BN7pPUaUMHG2CoK","テストユーザー２","hoge@gmail.com","はじめまして、テストユーザ２です！
よろしくね！","2018-09-27 15:45:16","2018-09-27 15:45:16"
3,"user3","$2a$10$nre/7XaAB/tts5wLLuky6O26YoMUZUQG3rPC75BN7pPUaUMHG2CoK","テストユーザー３","hoge@gmail.com","はじめまして、テストユーザ３です！
よろしくね！","2018-09-27 15:45:16","2018-09-27 15:45:16"
4,"user4","$2a$10$nre/7XaAB/tts5wLLuky6O26YoMUZUQG3rPC75BN7pPUaUMHG2CoK","テストユーザー４","hoge@gmail.com","はじめまして、テストユーザ４です！
よろしくね！","2018-09-27 15:45:16","2018-09-27 15:45:16"
5,"user5","$2a$10$nre/7XaAB/tts5wLLuky6O26YoMUZUQG3rPC75BN7pPUaUMHG2CoK","テストユーザー５","hoge@gmail.com","はじめまして、テストユーザ５です！
よろしくね！","2018-09-27 15:45:16","2018-09-27 15:45:16"
6,"user6","$2a$10$nre/7XaAB/tts5wLLuky6O26YoMUZUQG3rPC75BN7pPUaUMHG2CoK","テストユーザー６","hoge@gmail.com","はじめまして、テストユーザ６です！
よろしくね！","2018-09-27 15:45:16","2018-09-27 15:45:16"
7,"user7","$2a$10$nre/7XaAB/tts5wLLuky6O26YoMUZUQG3rPC75BN7pPUaUMHG2CoK","テストユーザー７","hoge@gmail.com","はじめまして、テストユーザ７です！
よろしくね！","2018-09-27 15:45:16","2018-09-27 15:45:16"
8,"user8","$2a$10$nre/7XaAB/tts5wLLuky6O26YoMUZUQG3rPC75BN7pPUaUMHG2CoK","テストユーザー８","hoge@gmail.com","はじめまして、テストユーザ８です！
よろしくね！","2018-09-27 15:45:16","2018-09-27 15:45:16"
9,"user9","$2a$10$nre/7XaAB/tts5wLLuky6O26YoMUZUQG3rPC75BN7pPUaUMHG2CoK","テストユーザー９","hoge@gmail.com","はじめまして、テストユーザ９です！
よろしくね！","2018-09-27 15:45:16","2018-09-27 15:45:16"
10,"user10","$2a$10$nre/7XaAB/tts5wLLuky6O26YoMUZUQG3rPC75BN7pPUaUMHG2CoK","テストユーザー１０","hoge@gmail.com","はじめまして、テストユーザ１０です！
よろしくね！","2018-09-27 15:45:16","2018-09-27 15:45:16"
11,"user11","$2a$10$nre/7XaAB/tts5wLLuky6O26YoMUZUQG3rPC75BN7pPUaUMHG2CoK","テストユーザー１１","hoge@gmail.com","はじめまして、テストユーザ１１です！
よろしくね！","2018-09-27 15:45:16","2018-09-27 15:45:16"
12,"user12","$2a$10$nre/7XaAB/tts5wLLuky6O26YoMUZUQG3rPC75BN7pPUaUMHG2CoK","テストユーザー１２","hoge@gmail.com","はじめまして、テストユーザ１２です！
よろしくね！","2018-09-27 15:45:16","2018-09-27 15:45:16"
13,"user13","$2a$10$nre/7XaAB/tts5wLLuky6O26YoMUZUQG3rPC75BN7pPUaUMHG2CoK","テストユーザー１３","hoge@gmail.com","はじめまして、テストユーザ１３です！
よろしくね！","2018-09-27 15:45:16","2018-09-27 15:45:16"
14,"user14","$2a$10$nre/7XaAB/tts5wLLuky6O26YoMUZUQG3rPC75BN7pPUaUMHG2CoK","テストユーザー１４","hoge@gmail.com","はじめまして、テストユーザ１４です！
よろしくね！","2018-09-27 15:45:16","2018-09-27 15:45:16"
15,"user15","$2a$10$nre/7XaAB/tts5wLLuky6O26YoMUZUQG3rPC75BN7pPUaUMHG2CoK","テストユーザー１５","hoge@gmail.com","はじめまして、テストユーザ１５です！
よろしくね！","2018-09-27 15:45:16","2018-09-27 15:45:16"
