1,"TODOタイトル１","TODO詳細１

XXXを行うこと。","備考１

XXXはYYYに聞くこと","2018/10/15","2018/10/17",1,5,"5","3","2018-10-15 14:46:56","2018-10-15 14:46:56"
2,"TODOタイトル２","TODO詳細２

XXXを行うこと。","備考２

XXXはYYYに聞くこと","2018/10/16","2018/10/18",2,4,"4","3","2018-10-15 14:46:56","2018-10-15 14:46:56"
3,"TODOタイトル３","TODO詳細３

XXXを行うこと。","備考３

XXXはYYYに聞くこと","2018/10/17","2018/10/19",3,3,"3","2","2018-10-15 14:46:56","2018-10-15 14:46:56"
4,"TODOタイトル４","TODO詳細４

XXXを行うこと。","備考４

XXXはYYYに聞くこと","2018/10/18","2018/10/20",4,2,"2","1","2018-10-15 14:46:56","2018-10-15 14:46:56"
5,"TODOタイトル５","TODO詳細５

XXXを行うこと。","備考５

XXXはYYYに聞くこと","2018/10/19","2018/10/21",5,1,"1","1","2018-10-15 14:46:56","2018-10-15 14:46:56"
6,"TODOタイトル６","TODO詳細６

XXXを行うこと。","備考６

XXXはYYYに聞くこと","","",5,1,"1","1","2018-10-15 14:46:56","2018-10-15 14:46:56"
7,"TODOタイトル７","TODO詳細７

XXXを行うこと。","備考７

XXXはYYYに聞くこと","2018/10/15","2018/10/17",1,5,"5","2","2018-10-15 14:46:56","2018-10-15 14:46:56"
